{"cameraMode":{"drawMode":0,"name":"Shaded","section":"Shading Mode"},"sceneLighting":false,"audioPlay":false,"sceneViewState":{"showFog":true,"showMaterialUpdate":false,"showSkybox":false,"showFlares":true,"showImageEffects":true,"showParticleSystems":true},"in2DMode":false,"pivot":{"x":-0.07711075246334076,"y":0.8595260381698608,"z":0.0016568899154663087},"rotation":{"x":0.0020796945318579675,"y":0.9977585077285767,"z":0.03743350878357887,"w":-0.0554325208067894},"size":0.90739506483078,"orthographic":false}