{"cameraMode":{"drawMode":0,"name":"Shaded","section":"Shading Mode"},"sceneLighting":false,"audioPlay":false,"sceneViewState":{"showFog":true,"showMaterialUpdate":false,"showSkybox":false,"showFlares":true,"showImageEffects":true,"showParticleSystems":true},"in2DMode":false,"pivot":{"x":-4.79700231552124,"y":1.3725625276565552,"z":-1.054903268814087},"rotation":{"x":-0.5131663084030151,"y":-0.48526257276535036,"z":0.4717805087566376,"w":-0.5278345346450806},"size":0.9009562134742737,"orthographic":false}